id,nombres,contraseña,edad,correo
139.0,Maria Martinez,admin123,,ad@correo.com
127.0,Carlos Cuesta,admin123,20.0,yu@correo.com
238.0,Gaston Galeano,person123,40.0, lu@correo.com 
,Juan Jimenez,love987,37.0,km@correo.com
36.0,Pedro Perez,person123,,ad@correo.com
42.0,Laura Lopez,admin987,20.0,jl@correo.com
375.0,Pedro Perez,person987,22.0,ju@correo.com
,Pedro Perez,admin987,22.0,gb@correo.com
,Rocio Rua,admin987,24.0,yu@correo.com
1.0,Pedro Perez,person123,65.0, ju@correo.com 
343.0,Gaston Galeano,love987,800.0,jl@correo.com
272.0,-10,user987,30.0,ad@correo.com
355.0,Maria Martinez,-,20.0,yu@correo.com
,Pedro Perez,admin123,37.0,jl@correo.com
211.0,Miguel Montoya,person987,24.0, hr@correo.com 
,Luisa Lopez,love123,20.0,ad@correo.com
111.0,Juan Jimenez,love123,65.0,hr@correo.com
166.0,Miguel Montoya,person123,800.0,ew@correo.com
295.0,Gaston Galeano,-,40.0,ad@correo.com
391.0,-10,gap123,22.0,ad@correo.com
196.0,,gap123,30.0,ad@correo.com
73.0,Laura Lopez,as,65.0,jl@correo.com
286.0,11,gap123,30.0,lu@correo.com
2.0,Carlos Cuesta,love987,25.0, yu@correo.com 
497.0,Rocio Rua,user987,-10.0,lu@correo.com
268.0,Luisa Lopez,admin987,-10.0,ew@correo.com
298.0,Luisa Lopez,love123,,yu@correo.com
451.0,Laura Lopez,person987,30.0,ad@correo.com
241.0,Juan Jimenez,admin987,25.0, ew@correo.com 
387.0,,love987,37.0,yu@correo.com
301.0,Maria Martinez,-,22.0,lu@correo.com
91.0,Laura Lopez,love987,65.0, ew@correo.com 
166.0,11,person987,29.0,ju@correo.com
203.0,Carlos Cuesta,gap987,29.0,ad@correo.com
98.0,Juan Jimenez,admin123,800.0,yu@correo.com
263.0,Gaston Galeano,user987,-10.0,ju@correo.com
,Pedro Perez,gap123,37.0,ad@correo.com
104.0,Pedro Perez,user987,30.0, hr@correo.com 
294.0,,love987,19.0,lu@correo.com
324.0,11,admin987,37.0,yu@correo.com
,Pedro Perez,person123,29.0,ju@correo.com
8.0,Carlos Cuesta,,24.0,hr@correo.com
276.0,Juan Jimenez,person123,-10.0,ju@correo.com
79.0,Pedro Perez,love987,-10.0,jl@correo.com
56.0,11,admin987,29.0,ad@correo.com
433.0,Maria Martinez,person987,-10.0,jl@correo.com
,Pedro Perez,admin987,24.0,lu@correo.com
431.0,Fernanda Fernandez,person123,37.0,gb@correo.com
40.0,11,user987,30.0,ad@correo.com
40.0,Luisa Lopez,admin123,22.0,jl@correo.com
,Luisa Lopez,gap987,30.0,ad@correo.com
,Pedro Perez,person987,25.0,ju@correo.com
135.0,Luisa Lopez,person123,40.0, hr@correo.com 
234.0,Fernanda Fernandez,,24.0,lu@correo.com
87.0,Carlos Cuesta,person123,,hr@correo.com
341.0,Pedro Perez,gap123,37.0, gb@correo.com 
221.0,Fernanda Fernandez,as,25.0,ad@correo.com
137.0,,gap123,24.0,hr@correo.com
345.0,Carlos Cuesta,love987,800.0,ad@correo.com
135.0,,person987,20.0,gb@correo.com
,Gaston Galeano,gap987,24.0,yu@correo.com
247.0,Rocio Rua,user987,25.0, ad@correo.com 
438.0,-10,admin987,65.0,hr@correo.com
197.0,Gaston Galeano,person123,30.0, ew@correo.com 
324.0,Rocio Rua,love987,29.0,ad@correo.com
474.0,-10,person987,29.0,gb@correo.com
132.0,Carlos Cuesta,love123,,ad@correo.com
274.0,Pedro Perez,gap987,30.0, ad@correo.com 
74.0,Pedro Perez,gap987,30.0, km@correo.com 
128.0,Maria Martinez,,24.0,km@correo.com
88.0,Carlos Cuesta,gap123,37.0, gb@correo.com 
162.0,Carlos Cuesta,love123,30.0, km@correo.com 
411.0,Maria Martinez,gap987,,ad@correo.com
385.0,Laura Lopez,person987,20.0,ad@correo.com
471.0,-10,person123,25.0,hr@correo.com
316.0,Luisa Lopez,user987,37.0, jl@correo.com 
478.0,,love123,65.0,ew@correo.com
,Pedro Perez,gap987,37.0,ad@correo.com
231.0,11,person987,37.0,ad@correo.com
,Gaston Galeano,user123,37.0,ju@correo.com
384.0,Gaston Galeano,love123,25.0, km@correo.com 
208.0,Rocio Rua,admin123,20.0,ad@correo.com
106.0,Juan Jimenez,admin123,40.0, jl@correo.com 
164.0,,user123,20.0,ew@correo.com
119.0,Juan Jimenez,admin987,24.0, lu@correo.com 
320.0,Gaston Galeano,gap987,-10.0,jl@correo.com
183.0,Miguel Montoya,-,25.0,ew@correo.com
474.0,Miguel Montoya,admin987,,ad@correo.com
339.0,Carlos Cuesta,gap987,37.0, lu@correo.com 
373.0,Laura Lopez,admin987,20.0, lu@correo.com 
370.0,Gaston Galeano,admin987,,ad@correo.com
393.0,Laura Lopez,gap987,20.0,jl@correo.com
,Laura Lopez,user123,65.0,gb@correo.com
221.0,Maria Martinez,gap123,-10.0,lu@correo.com
250.0,,gap123,19.0,gb@correo.com
241.0,11,gap987,30.0,km@correo.com
,Rocio Rua,user123,24.0,ad@correo.com
400.0,Luisa Lopez,person123,24.0, gb@correo.com 
102.0,11,person123,40.0,lu@correo.com
110.0,,person123,20.0,gb@correo.com
311.0,Gaston Galeano,,65.0,gb@correo.com
480.0,Pedro Perez,love123,800.0,yu@correo.com
183.0,Carlos Cuesta,user123,,hr@correo.com
,Pedro Perez,love123,22.0,gb@correo.com
459.0,Rocio Rua,person987,29.0,lu@correo.com
173.0,Carlos Cuesta,person123,24.0, ju@correo.com 
420.0,Maria Martinez,admin987,-10.0,ju@correo.com
315.0,Luisa Lopez,,24.0,hr@correo.com
395.0,Maria Martinez,as,29.0,ju@correo.com
333.0,Juan Jimenez,person987,65.0,ew@correo.com
,Maria Martinez,love123,22.0,km@correo.com
136.0,Laura Lopez,as,25.0,yu@correo.com
468.0,Gaston Galeano,gap987,20.0, km@correo.com 
,Fernanda Fernandez,love123,25.0,ad@correo.com
414.0,Juan Jimenez,as,24.0,lu@correo.com
,Carlos Cuesta,user987,37.0,hr@correo.com
,Carlos Cuesta,love123,22.0,gb@correo.com
26.0,,user123,65.0,yu@correo.com
125.0,Pedro Perez,user123,65.0,ad@correo.com
,Pedro Perez,person123,19.0,ew@correo.com
203.0,-10,love123,37.0,km@correo.com
469.0,Pedro Perez,person123,800.0,ju@correo.com
31.0,Laura Lopez,person123,-10.0,km@correo.com
380.0,Miguel Montoya,love123,37.0,ju@correo.com
4.0,Fernanda Fernandez,user123,,km@correo.com
91.0,Rocio Rua,person123,29.0,ew@correo.com
,Luisa Lopez,gap123,30.0,ju@correo.com
,Fernanda Fernandez,person123,24.0,ju@correo.com
488.0,Luisa Lopez,user987,,hr@correo.com
460.0,Pedro Perez,love123,29.0, yu@correo.com 
283.0,Maria Martinez,user987,29.0, km@correo.com 
202.0,Gaston Galeano,gap123,,hr@correo.com
438.0,-10,person123,22.0,jl@correo.com
389.0,Laura Lopez,gap123,20.0, lu@correo.com 
277.0,Laura Lopez,user123,20.0, ju@correo.com 
,Luisa Lopez,gap123,24.0,km@correo.com
157.0,Carlos Cuesta,love987,65.0, ew@correo.com 
484.0,Miguel Montoya,user123,800.0,lu@correo.com
,Pedro Perez,love987,37.0,ju@correo.com
254.0,,person987,25.0,lu@correo.com
82.0,Rocio Rua,admin123,25.0, km@correo.com 
,Fernanda Fernandez,love987,24.0,ad@correo.com
,Luisa Lopez,admin123,19.0,hr@correo.com
225.0,Gaston Galeano,-,25.0,jl@correo.com
493.0,Laura Lopez,user123,-10.0,ew@correo.com
456.0,Fernanda Fernandez,person987,30.0, yu@correo.com 
63.0,Laura Lopez,gap987,20.0, lu@correo.com 
110.0,Maria Martinez,,30.0,yu@correo.com
266.0,Miguel Montoya,as,19.0,gb@correo.com
52.0,Rocio Rua,gap123,800.0,ju@correo.com
449.0,Juan Jimenez,-,29.0,km@correo.com
,Pedro Perez,admin987,30.0,jl@correo.com
180.0,,gap123,30.0,gb@correo.com
,Rocio Rua,admin987,40.0,yu@correo.com
404.0,Rocio Rua,gap123,800.0,hr@correo.com
216.0,Gaston Galeano,user987,22.0, jl@correo.com 
,Luisa Lopez,gap123,24.0,ad@correo.com
130.0,Juan Jimenez,gap123,22.0,lu@correo.com
323.0,Juan Jimenez,person123,20.0, ad@correo.com 
290.0,Rocio Rua,person987,30.0, ad@correo.com 
384.0,Gaston Galeano,admin123,20.0, lu@correo.com 
169.0,-10,love987,30.0,hr@correo.com
224.0,Fernanda Fernandez,as,24.0,lu@correo.com
183.0,Fernanda Fernandez,love123,22.0, km@correo.com 
,Gaston Galeano,person123,19.0,ew@correo.com
26.0,Miguel Montoya,user123,29.0,yu@correo.com
123.0,Pedro Perez,user123,,jl@correo.com
,Maria Martinez,admin123,25.0,km@correo.com
121.0,-10,love987,40.0,km@correo.com
387.0,Pedro Perez,,24.0,lu@correo.com
307.0,-10,user987,24.0,jl@correo.com
65.0,Maria Martinez,person987,800.0,gb@correo.com
500.0,,user987,22.0,hr@correo.com
471.0,Luisa Lopez,as,40.0,jl@correo.com
103.0,Rocio Rua,as,25.0,gb@correo.com
106.0,Luisa Lopez,,19.0,lu@correo.com
403.0,Fernanda Fernandez,love987,30.0, hr@correo.com 
,Luisa Lopez,person123,30.0,jl@correo.com
335.0,Rocio Rua,user987,19.0, ad@correo.com 
49.0,Gaston Galeano,gap123,800.0,ad@correo.com
421.0,Fernanda Fernandez,gap123,22.0,ew@correo.com
498.0,Rocio Rua,person987,,ad@correo.com
,Fernanda Fernandez,user987,22.0,jl@correo.com
72.0,Laura Lopez,love987,800.0,jl@correo.com
,Carlos Cuesta,person987,65.0,ew@correo.com
,Miguel Montoya,user123,37.0,yu@correo.com
402.0,Laura Lopez,person987,37.0, gb@correo.com 
,Luisa Lopez,user987,29.0,jl@correo.com
60.0,11,admin123,37.0,jl@correo.com
440.0,Pedro Perez,user987,,gb@correo.com
91.0,,love123,19.0,lu@correo.com
160.0,-10,admin987,40.0,ju@correo.com
434.0,Carlos Cuesta,admin987,65.0, km@correo.com 
,Juan Jimenez,gap123,37.0,ad@correo.com
463.0,Rocio Rua,user123,29.0,jl@correo.com
,Miguel Montoya,admin123,24.0,km@correo.com
,Carlos Cuesta,love123,19.0,ju@correo.com
,Maria Martinez,gap123,25.0,yu@correo.com
294.0,Carlos Cuesta,user123,40.0, ad@correo.com 
,Gaston Galeano,person987,37.0,gb@correo.com
223.0,Rocio Rua,love123,20.0,yu@correo.com
,Rocio Rua,love123,24.0,jl@correo.com
,Pedro Perez,user987,25.0,ju@correo.com
246.0,-10,user987,25.0,ju@correo.com
290.0,Luisa Lopez,admin987,30.0, ew@correo.com 
196.0,Luisa Lopez,gap123,24.0, hr@correo.com 
390.0,Carlos Cuesta,person987,,gb@correo.com
248.0,Miguel Montoya,love123,,lu@correo.com
66.0,Carlos Cuesta,person123,20.0, ew@correo.com 
154.0,Pedro Perez,gap987,40.0,hr@correo.com
494.0,Gaston Galeano,person987,800.0,yu@correo.com
469.0,Juan Jimenez,admin123,-10.0,ad@correo.com
100.0,-10,gap123,19.0,hr@correo.com
97.0,-10,admin987,37.0,ad@correo.com
51.0,Luisa Lopez,admin123,-10.0,lu@correo.com
195.0,Fernanda Fernandez,love987,29.0,ad@correo.com
171.0,Carlos Cuesta,as,25.0,jl@correo.com
,Rocio Rua,person123,30.0,ju@correo.com
,Luisa Lopez,gap987,24.0,lu@correo.com
333.0,Miguel Montoya,user987,29.0,km@correo.com
,Pedro Perez,user987,30.0,lu@correo.com
,Pedro Perez,user987,25.0,yu@correo.com
131.0,11,gap987,19.0,ad@correo.com
131.0,Gaston Galeano,as,65.0,lu@correo.com
250.0,Rocio Rua,admin123,,lu@correo.com
451.0,Rocio Rua,as,24.0,km@correo.com
241.0,Maria Martinez,,22.0,ew@correo.com
,Luisa Lopez,user123,37.0,gb@correo.com
466.0,11,person987,40.0,hr@correo.com
,Gaston Galeano,person987,19.0,ad@correo.com
442.0,Rocio Rua,user987,-10.0,gb@correo.com
276.0,Luisa Lopez,person987,22.0, jl@correo.com 
289.0,Miguel Montoya,user123,65.0, yu@correo.com 
225.0,11,gap123,19.0,yu@correo.com
48.0,,person987,37.0,lu@correo.com
180.0,Laura Lopez,-,40.0,gb@correo.com
358.0,Rocio Rua,as,30.0,km@correo.com
394.0,Gaston Galeano,person123,65.0,gb@correo.com
368.0,11,love987,20.0,lu@correo.com
149.0,-10,gap123,24.0,lu@correo.com
46.0,Maria Martinez,gap123,800.0,ju@correo.com
,Juan Jimenez,admin123,29.0,km@correo.com
16.0,Rocio Rua,person123,800.0,ad@correo.com
208.0,-10,gap123,20.0,gb@correo.com
142.0,Gaston Galeano,gap123,,ad@correo.com
57.0,Pedro Perez,love987,25.0, ju@correo.com 
227.0,Carlos Cuesta,,22.0,ew@correo.com
379.0,-10,admin123,25.0,lu@correo.com
434.0,Juan Jimenez,-,20.0,ad@correo.com
,Fernanda Fernandez,admin987,30.0,gb@correo.com
,Miguel Montoya,love987,19.0,jl@correo.com
412.0,Miguel Montoya,user123,20.0,lu@correo.com
470.0,Fernanda Fernandez,admin987,65.0, ad@correo.com 
308.0,Luisa Lopez,user987,37.0, ju@correo.com 
327.0,Luisa Lopez,person123,37.0,lu@correo.com
129.0,Carlos Cuesta,admin123,22.0, hr@correo.com 
462.0,Maria Martinez,love123,,ad@correo.com
72.0,Maria Martinez,as,20.0,ju@correo.com
467.0,Rocio Rua,love987,22.0,km@correo.com
212.0,Fernanda Fernandez,love123,25.0, ew@correo.com 
34.0,Gaston Galeano,love987,-10.0,ad@correo.com
,Laura Lopez,gap987,25.0,jl@correo.com
203.0,Fernanda Fernandez,admin123,,gb@correo.com
290.0,Miguel Montoya,user987,-10.0,ju@correo.com
,Pedro Perez,person123,40.0,ad@correo.com
304.0,Rocio Rua,admin123,,hr@correo.com
341.0,Luisa Lopez,love123,-10.0,yu@correo.com
143.0,Miguel Montoya,admin123,19.0, ad@correo.com 
,Juan Jimenez,person987,29.0,km@correo.com
,Carlos Cuesta,person987,30.0,gb@correo.com
406.0,,person987,20.0,lu@correo.com
,Juan Jimenez,person123,40.0,ad@correo.com
352.0,Pedro Perez,admin987,29.0,hr@correo.com
52.0,Juan Jimenez,,65.0,jl@correo.com
416.0,-10,love987,29.0,ju@correo.com
80.0,Fernanda Fernandez,love987,24.0, hr@correo.com 
34.0,Gaston Galeano,love123,19.0,hr@correo.com
445.0,Fernanda Fernandez,admin123,25.0, lu@correo.com 
22.0,Luisa Lopez,admin123,30.0, hr@correo.com 
371.0,,gap987,20.0,jl@correo.com
10.0,Pedro Perez,user123,19.0, jl@correo.com 
64.0,Carlos Cuesta,gap987,37.0, ew@correo.com 
97.0,Juan Jimenez,user987,65.0,ad@correo.com
,Maria Martinez,gap123,19.0,ad@correo.com
,Carlos Cuesta,gap987,65.0,gb@correo.com
22.0,-10,love987,24.0,yu@correo.com
,Juan Jimenez,user987,19.0,gb@correo.com
69.0,Juan Jimenez,user123,19.0,km@correo.com
,Gaston Galeano,love123,30.0,ew@correo.com
,Pedro Perez,love123,30.0,jl@correo.com
108.0,Rocio Rua,love123,800.0,lu@correo.com
177.0,Miguel Montoya,-,19.0,ew@correo.com
139.0,,gap987,24.0,lu@correo.com
,Fernanda Fernandez,love123,19.0,ad@correo.com
,Luisa Lopez,person123,22.0,ad@correo.com
77.0,Maria Martinez,user123,22.0, ju@correo.com 
120.0,Juan Jimenez,person987,22.0, yu@correo.com 
460.0,,love123,24.0,km@correo.com
291.0,Laura Lopez,person123,29.0,lu@correo.com
366.0,Miguel Montoya,person987,37.0, ju@correo.com 
74.0,Maria Martinez,love123,,hr@correo.com
7.0,Rocio Rua,person123,800.0,ju@correo.com
,Fernanda Fernandez,user123,30.0,ew@correo.com
482.0,Pedro Perez,gap987,20.0,ad@correo.com
390.0,Juan Jimenez,love987,-10.0,yu@correo.com
297.0,11,love987,22.0,yu@correo.com
,Juan Jimenez,gap987,40.0,jl@correo.com
424.0,,gap987,25.0,km@correo.com
328.0,Miguel Montoya,person987,,gb@correo.com
,Miguel Montoya,person123,37.0,jl@correo.com
,Pedro Perez,person987,30.0,ad@correo.com
452.0,11,user987,30.0,hr@correo.com
15.0,Carlos Cuesta,person123,40.0,lu@correo.com
272.0,Luisa Lopez,gap123,29.0, km@correo.com 
410.0,Maria Martinez,person987,,km@correo.com
465.0,11,love123,40.0,ew@correo.com
465.0,Pedro Perez,person987,,lu@correo.com
,Laura Lopez,user123,37.0,ju@correo.com
,Maria Martinez,admin987,20.0,ew@correo.com
,Pedro Perez,love987,37.0,gb@correo.com
45.0,-10,love123,37.0,gb@correo.com
257.0,Miguel Montoya,love987,,yu@correo.com
49.0,11,gap987,40.0,ad@correo.com
99.0,Miguel Montoya,user123,800.0,lu@correo.com
120.0,Luisa Lopez,love123,22.0, jl@correo.com 
287.0,11,person987,19.0,ad@correo.com
216.0,Miguel Montoya,admin987,20.0, ad@correo.com 
,Carlos Cuesta,person123,19.0,ew@correo.com
,Gaston Galeano,love987,25.0,lu@correo.com
293.0,Fernanda Fernandez,as,19.0,ew@correo.com
457.0,Pedro Perez,person987,40.0,yu@correo.com
,Gaston Galeano,gap987,22.0,hr@correo.com
193.0,,gap987,24.0,ju@correo.com
218.0,-10,love123,25.0,lu@correo.com
332.0,Luisa Lopez,love987,800.0,jl@correo.com
241.0,Laura Lopez,gap987,-10.0,yu@correo.com
456.0,Gaston Galeano,gap987,800.0,ju@correo.com
19.0,Laura Lopez,-,65.0,hr@correo.com
342.0,Laura Lopez,gap123,19.0, km@correo.com 
,Laura Lopez,love123,30.0,ad@correo.com
,Juan Jimenez,person123,25.0,lu@correo.com
298.0,,love987,65.0,jl@correo.com
420.0,Gaston Galeano,user123,,km@correo.com
100.0,Rocio Rua,admin123,37.0, ju@correo.com 
493.0,Juan Jimenez,admin123,-10.0,ew@correo.com
41.0,11,love123,22.0,ju@correo.com
90.0,Miguel Montoya,love987,800.0,ad@correo.com
222.0,Miguel Montoya,person987,29.0, km@correo.com 
217.0,Maria Martinez,-,65.0,hr@correo.com
,Carlos Cuesta,user123,65.0,jl@correo.com
180.0,-10,admin987,25.0,gb@correo.com
81.0,Rocio Rua,love123,20.0,hr@correo.com
344.0,,admin123,24.0,gb@correo.com
185.0,-10,love123,19.0,ju@correo.com
188.0,Rocio Rua,love987,800.0,yu@correo.com
217.0,Rocio Rua,admin987,20.0,ad@correo.com
8.0,-10,love123,40.0,ew@correo.com
,Pedro Perez,person123,25.0,jl@correo.com
42.0,Maria Martinez,love987,19.0, gb@correo.com 
196.0,Miguel Montoya,user987,,ew@correo.com
179.0,Pedro Perez,love123,19.0,ad@correo.com
450.0,Carlos Cuesta,love987,25.0,yu@correo.com
247.0,11,love123,40.0,ad@correo.com
206.0,Rocio Rua,gap123,20.0, gb@correo.com 
21.0,-10,user123,37.0,ew@correo.com
61.0,,user987,25.0,yu@correo.com
307.0,-10,user123,40.0,yu@correo.com
25.0,Gaston Galeano,person123,800.0,jl@correo.com
82.0,Carlos Cuesta,user123,800.0,hr@correo.com
185.0,Laura Lopez,gap987,29.0,km@correo.com
177.0,-10,person123,37.0,km@correo.com
96.0,-10,love987,29.0,km@correo.com
499.0,11,user987,25.0,ew@correo.com
281.0,Luisa Lopez,user987,65.0, ad@correo.com 
334.0,Maria Martinez,user123,-10.0,hr@correo.com
486.0,Laura Lopez,person123,800.0,km@correo.com
13.0,Pedro Perez,admin987,30.0,gb@correo.com
458.0,Miguel Montoya,admin987,22.0, yu@correo.com 
424.0,Miguel Montoya,-,30.0,yu@correo.com
427.0,Fernanda Fernandez,,37.0,yu@correo.com
14.0,Pedro Perez,gap123,22.0, km@correo.com 
,Maria Martinez,user123,22.0,ju@correo.com
123.0,Pedro Perez,love987,40.0, gb@correo.com 
343.0,Juan Jimenez,admin987,-10.0,jl@correo.com
7.0,,user123,20.0,jl@correo.com
376.0,,gap987,30.0,ad@correo.com
158.0,Rocio Rua,as,19.0,ju@correo.com
247.0,Luisa Lopez,gap123,24.0, gb@correo.com 
131.0,Gaston Galeano,user987,37.0,hr@correo.com
294.0,Rocio Rua,love123,22.0, hr@correo.com 
259.0,11,gap123,40.0,lu@correo.com
336.0,Pedro Perez,person987,800.0,ad@correo.com
182.0,11,love987,37.0,km@correo.com
,Rocio Rua,gap123,29.0,ad@correo.com
227.0,Gaston Galeano,gap987,25.0,gb@correo.com
292.0,Pedro Perez,gap123,19.0, gb@correo.com 
251.0,Carlos Cuesta,gap123,29.0, ew@correo.com 
213.0,Laura Lopez,gap123,40.0,gb@correo.com
313.0,Luisa Lopez,admin123,800.0,gb@correo.com
,Pedro Perez,person123,19.0,ad@correo.com
336.0,11,gap123,19.0,hr@correo.com
119.0,Pedro Perez,person987,22.0, lu@correo.com 
,Carlos Cuesta,user123,25.0,yu@correo.com
,Juan Jimenez,admin123,37.0,jl@correo.com
120.0,Luisa Lopez,love123,800.0,gb@correo.com
477.0,11,user123,37.0,lu@correo.com
,Rocio Rua,admin123,22.0,ad@correo.com
155.0,Laura Lopez,love987,,gb@correo.com
322.0,Maria Martinez,admin987,30.0,jl@correo.com
25.0,Juan Jimenez,user123,,ad@correo.com
370.0,Luisa Lopez,person987,800.0,ju@correo.com
411.0,Fernanda Fernandez,gap987,65.0, ad@correo.com 
68.0,Pedro Perez,admin987,20.0, yu@correo.com 
188.0,Juan Jimenez,love123,,lu@correo.com
281.0,11,love987,29.0,ad@correo.com
407.0,Pedro Perez,,65.0,yu@correo.com
463.0,Maria Martinez,love123,25.0, hr@correo.com 
419.0,Fernanda Fernandez,gap123,25.0, hr@correo.com 
350.0,Luisa Lopez,person987,25.0,ew@correo.com
140.0,Carlos Cuesta,admin123,22.0, ju@correo.com 
333.0,Pedro Perez,love987,37.0, ju@correo.com 
499.0,11,user123,40.0,km@correo.com
415.0,Luisa Lopez,-,65.0,ad@correo.com
80.0,Laura Lopez,user987,,gb@correo.com
,Pedro Perez,person987,29.0,km@correo.com
145.0,Laura Lopez,person987,800.0,km@correo.com
204.0,11,person987,19.0,km@correo.com
278.0,Carlos Cuesta,admin987,800.0,jl@correo.com
33.0,11,user987,20.0,ad@correo.com
263.0,Carlos Cuesta,user987,30.0,jl@correo.com
153.0,Carlos Cuesta,love987,800.0,km@correo.com
480.0,Carlos Cuesta,admin987,-10.0,gb@correo.com
,Laura Lopez,admin987,22.0,yu@correo.com
,Miguel Montoya,gap987,29.0,km@correo.com
,Luisa Lopez,admin123,22.0,hr@correo.com
167.0,Luisa Lopez,love123,37.0,yu@correo.com
195.0,Rocio Rua,gap123,22.0, gb@correo.com 
268.0,11,user123,22.0,yu@correo.com
222.0,11,love123,30.0,ew@correo.com
102.0,Gaston Galeano,admin987,20.0, ad@correo.com 
320.0,11,admin123,24.0,hr@correo.com
59.0,11,admin123,25.0,km@correo.com
487.0,Pedro Perez,user987,30.0,km@correo.com
,Miguel Montoya,love123,40.0,gb@correo.com
360.0,Carlos Cuesta,person987,19.0, lu@correo.com 
426.0,Juan Jimenez,love987,40.0, ju@correo.com 
,Juan Jimenez,gap123,29.0,ad@correo.com
436.0,Maria Martinez,,30.0,hr@correo.com
322.0,Carlos Cuesta,love123,-10.0,ew@correo.com
492.0,Juan Jimenez,admin123,19.0, ju@correo.com 
272.0,Luisa Lopez,person123,19.0, km@correo.com 
338.0,-10,user123,25.0,ad@correo.com
71.0,Juan Jimenez,love123,65.0,yu@correo.com
370.0,Rocio Rua,person123,20.0,ad@correo.com
48.0,Pedro Perez,gap123,19.0,jl@correo.com
208.0,11,gap123,29.0,ju@correo.com
490.0,Fernanda Fernandez,gap123,800.0,hr@correo.com
436.0,Juan Jimenez,as,30.0,ju@correo.com
206.0,Maria Martinez,gap987,,ad@correo.com
30.0,11,admin123,37.0,yu@correo.com
293.0,Juan Jimenez,gap123,-10.0,jl@correo.com
256.0,Miguel Montoya,admin987,800.0,lu@correo.com
355.0,Juan Jimenez,,29.0,lu@correo.com
191.0,Pedro Perez,admin987,19.0, gb@correo.com 
331.0,Gaston Galeano,user987,24.0, ju@correo.com 
87.0,Juan Jimenez,-,65.0,lu@correo.com
158.0,,user123,22.0,lu@correo.com
65.0,Gaston Galeano,admin123,-10.0,km@correo.com
123.0,-10,admin123,37.0,yu@correo.com
253.0,Gaston Galeano,,24.0,ad@correo.com
196.0,Pedro Perez,admin987,800.0,lu@correo.com
279.0,Carlos Cuesta,love987,-10.0,gb@correo.com
103.0,Rocio Rua,admin987,25.0, yu@correo.com 
162.0,-10,person987,20.0,km@correo.com
315.0,,user123,29.0,gb@correo.com
,Juan Jimenez,admin987,65.0,ad@correo.com
107.0,Fernanda Fernandez,person123,19.0,hr@correo.com
276.0,11,love123,25.0,hr@correo.com
211.0,Maria Martinez,gap987,,km@correo.com
258.0,,love987,37.0,ad@correo.com
,Maria Martinez,love987,40.0,lu@correo.com
,Miguel Montoya,person987,29.0,km@correo.com
,Pedro Perez,love123,22.0,gb@correo.com
395.0,Maria Martinez,love123,-10.0,ad@correo.com
466.0,-10,love123,20.0,jl@correo.com
313.0,Maria Martinez,,37.0,jl@correo.com
484.0,Maria Martinez,love123,-10.0,ad@correo.com
318.0,Luisa Lopez,gap987,800.0,ad@correo.com
25.0,Maria Martinez,person123,20.0, ad@correo.com 
114.0,Luisa Lopez,admin123,29.0, hr@correo.com 
335.0,11,person987,22.0,jl@correo.com
422.0,Gaston Galeano,admin987,29.0,gb@correo.com
28.0,Pedro Perez,person123,65.0, ad@correo.com 
303.0,Rocio Rua,user123,29.0, lu@correo.com 
356.0,Laura Lopez,love987,37.0, yu@correo.com 
485.0,Laura Lopez,gap987,40.0, km@correo.com 
90.0,-10,gap987,29.0,jl@correo.com
283.0,11,user123,29.0,yu@correo.com
493.0,Laura Lopez,user987,800.0,gb@correo.com
457.0,Pedro Perez,,19.0,ew@correo.com
222.0,11,love123,29.0,ad@correo.com
,Juan Jimenez,user987,29.0,ew@correo.com
51.0,Miguel Montoya,gap123,-10.0,ju@correo.com
293.0,Juan Jimenez,user123,30.0, yu@correo.com 
228.0,Luisa Lopez,,24.0,ju@correo.com
347.0,Gaston Galeano,gap987,800.0,ad@correo.com
126.0,Fernanda Fernandez,user123,22.0, ew@correo.com 
396.0,Fernanda Fernandez,gap987,-10.0,lu@correo.com
458.0,Miguel Montoya,,24.0,lu@correo.com
411.0,,user987,37.0,km@correo.com
491.0,-10,user123,24.0,km@correo.com
268.0,Pedro Perez,user123,22.0, hr@correo.com 
400.0,Juan Jimenez,love123,800.0,ew@correo.com
422.0,Gaston Galeano,-,40.0,hr@correo.com
84.0,Carlos Cuesta,love123,800.0,lu@correo.com
88.0,,gap123,20.0,jl@correo.com
,Maria Martinez,admin123,29.0,ad@correo.com
194.0,-10,admin123,30.0,gb@correo.com
397.0,Miguel Montoya,love987,65.0, yu@correo.com 
21.0,Fernanda Fernandez,user123,-10.0,gb@correo.com
23.0,Maria Martinez,admin123,65.0, gb@correo.com 
70.0,Juan Jimenez,gap987,24.0, jl@correo.com 
,Maria Martinez,user987,40.0,km@correo.com
114.0,Maria Martinez,love123,25.0,ew@correo.com
319.0,Fernanda Fernandez,-,25.0,hr@correo.com
373.0,-10,love123,19.0,gb@correo.com
409.0,Juan Jimenez,love987,25.0, hr@correo.com 
493.0,Rocio Rua,admin987,800.0,ju@correo.com
382.0,Juan Jimenez,gap987,37.0, ew@correo.com 
65.0,Carlos Cuesta,gap987,,ad@correo.com
,Juan Jimenez,person987,65.0,ju@correo.com
,Pedro Perez,user123,65.0,hr@correo.com
174.0,,user987,30.0,ad@correo.com
446.0,-10,person123,29.0,jl@correo.com
213.0,Rocio Rua,user123,-10.0,yu@correo.com
391.0,-10,person123,65.0,jl@correo.com
365.0,Maria Martinez,love123,40.0, ju@correo.com 
347.0,Juan Jimenez,person123,800.0,km@correo.com
48.0,Pedro Perez,person987,19.0,hr@correo.com
260.0,Maria Martinez,love987,,hr@correo.com
,Juan Jimenez,gap123,25.0,hr@correo.com
443.0,11,love123,40.0,ju@correo.com
258.0,Pedro Perez,person123,,ju@correo.com
313.0,11,person987,40.0,gb@correo.com
158.0,11,person123,25.0,lu@correo.com
,Carlos Cuesta,gap123,22.0,yu@correo.com
,Luisa Lopez,person123,65.0,ad@correo.com
10.0,Maria Martinez,admin123,20.0, ad@correo.com 
317.0,Rocio Rua,gap123,19.0, ju@correo.com 
,Miguel Montoya,admin987,40.0,gb@correo.com
242.0,Laura Lopez,user987,30.0, ju@correo.com 
185.0,,admin123,30.0,yu@correo.com
348.0,Pedro Perez,user123,37.0, ad@correo.com 
261.0,Miguel Montoya,love123,19.0, ad@correo.com 
290.0,Maria Martinez,love987,29.0,ju@correo.com
102.0,Gaston Galeano,admin987,65.0,ew@correo.com
466.0,,user123,37.0,yu@correo.com
,Maria Martinez,user123,30.0,gb@correo.com
,Laura Lopez,admin987,40.0,hr@correo.com
167.0,Carlos Cuesta,love987,30.0,ad@correo.com
,Fernanda Fernandez,love987,65.0,yu@correo.com
491.0,Pedro Perez,admin123,-10.0,yu@correo.com
95.0,Miguel Montoya,user987,65.0, jl@correo.com 
289.0,Rocio Rua,person123,,yu@correo.com
86.0,Luisa Lopez,user987,,ad@correo.com
437.0,11,gap987,37.0,km@correo.com
120.0,Maria Martinez,gap987,30.0,hr@correo.com
108.0,Luisa Lopez,user123,-10.0,ad@correo.com
325.0,Carlos Cuesta,user123,20.0, km@correo.com 
185.0,Miguel Montoya,as,30.0,jl@correo.com
45.0,Rocio Rua,love123,,gb@correo.com
391.0,Miguel Montoya,admin987,29.0, jl@correo.com 
321.0,Carlos Cuesta,person123,800.0,km@correo.com
151.0,Miguel Montoya,love123,800.0,ad@correo.com
489.0,Maria Martinez,gap123,-10.0,hr@correo.com
49.0,Gaston Galeano,as,25.0,km@correo.com
359.0,Juan Jimenez,-,29.0,gb@correo.com
446.0,Fernanda Fernandez,person123,30.0,ad@correo.com
60.0,Miguel Montoya,user987,65.0, ad@correo.com 
238.0,,person987,29.0,gb@correo.com
424.0,Miguel Montoya,person987,800.0,km@correo.com
,Luisa Lopez,admin123,29.0,ad@correo.com
272.0,Juan Jimenez,user123,25.0, jl@correo.com 
350.0,Juan Jimenez,person987,,ew@correo.com
352.0,11,love123,24.0,gb@correo.com
,Laura Lopez,admin987,24.0,ju@correo.com
326.0,-10,love987,30.0,lu@correo.com
345.0,,gap987,19.0,ew@correo.com
160.0,Pedro Perez,person987,25.0,gb@correo.com
152.0,Maria Martinez,user987,800.0,km@correo.com
350.0,11,admin987,40.0,gb@correo.com
,Miguel Montoya,admin987,20.0,ad@correo.com
196.0,Luisa Lopez,gap123,40.0, yu@correo.com 
404.0,Carlos Cuesta,admin987,800.0,hr@correo.com
91.0,Miguel Montoya,admin123,,lu@correo.com
191.0,,person123,29.0,ad@correo.com
99.0,Rocio Rua,person987,30.0, jl@correo.com 
353.0,Carlos Cuesta,love987,25.0, jl@correo.com 
297.0,Fernanda Fernandez,person987,40.0, gb@correo.com 
408.0,Rocio Rua,person123,30.0, gb@correo.com 
397.0,,gap123,24.0,km@correo.com
126.0,11,gap987,22.0,ad@correo.com
370.0,Rocio Rua,love987,-10.0,jl@correo.com
116.0,Fernanda Fernandez,love987,800.0,gb@correo.com
252.0,Carlos Cuesta,-,30.0,jl@correo.com
191.0,11,person123,19.0,ju@correo.com
,Fernanda Fernandez,gap987,29.0,jl@correo.com
47.0,-10,gap123,37.0,km@correo.com
,Juan Jimenez,gap123,29.0,yu@correo.com
62.0,Maria Martinez,love987,-10.0,ad@correo.com
452.0,Maria Martinez,admin987,29.0, ad@correo.com 
66.0,Pedro Perez,person123,25.0,yu@correo.com
252.0,Fernanda Fernandez,person123,40.0, ew@correo.com 
335.0,-10,user987,24.0,jl@correo.com
41.0,Maria Martinez,person123,30.0, lu@correo.com 
,Miguel Montoya,love987,65.0,ad@correo.com
484.0,11,user123,40.0,ju@correo.com
243.0,Rocio Rua,user987,,ew@correo.com
4.0,,love123,19.0,ew@correo.com
329.0,-10,person987,29.0,lu@correo.com
377.0,11,admin987,25.0,yu@correo.com
164.0,Maria Martinez,user123,19.0, km@correo.com 
103.0,Luisa Lopez,user123,29.0,ew@correo.com
19.0,,admin987,40.0,ew@correo.com
209.0,Carlos Cuesta,love987,19.0,jl@correo.com
,Laura Lopez,user123,22.0,jl@correo.com
181.0,Pedro Perez,admin987,25.0, ew@correo.com 
401.0,Juan Jimenez,user123,30.0, hr@correo.com 
309.0,Gaston Galeano,as,37.0,ad@correo.com
335.0,Carlos Cuesta,love123,22.0, ew@correo.com 
,Luisa Lopez,user987,24.0,gb@correo.com
146.0,-10,user987,24.0,yu@correo.com
404.0,Luisa Lopez,gap123,25.0, yu@correo.com 
395.0,Rocio Rua,,20.0,ad@correo.com
452.0,Gaston Galeano,love987,29.0, ad@correo.com 
130.0,,admin123,24.0,ju@correo.com
9.0,11,person987,30.0,ad@correo.com
270.0,11,admin987,30.0,yu@correo.com
,Rocio Rua,person987,25.0,ad@correo.com
397.0,Carlos Cuesta,-,19.0,km@correo.com
,Juan Jimenez,admin987,29.0,yu@correo.com
92.0,Maria Martinez,-,29.0,yu@correo.com
314.0,,user987,30.0,ad@correo.com
,Gaston Galeano,user987,30.0,ad@correo.com
96.0,Rocio Rua,person987,,yu@correo.com
216.0,Miguel Montoya,person987,29.0, ju@correo.com 
,Rocio Rua,user987,65.0,jl@correo.com
,Gaston Galeano,admin123,20.0,ju@correo.com
270.0,Fernanda Fernandez,as,65.0,ju@correo.com
47.0,11,user123,37.0,ad@correo.com
391.0,-10,admin987,20.0,km@correo.com
421.0,Gaston Galeano,as,20.0,hr@correo.com
65.0,Pedro Perez,gap987,20.0, ad@correo.com 
484.0,Miguel Montoya,user123,800.0,ad@correo.com
294.0,Fernanda Fernandez,user987,-10.0,gb@correo.com
,Pedro Perez,user123,65.0,ad@correo.com
,Gaston Galeano,admin123,40.0,ju@correo.com
177.0,Luisa Lopez,gap987,20.0, lu@correo.com 
175.0,Miguel Montoya,admin987,-10.0,yu@correo.com
96.0,Luisa Lopez,love123,19.0, km@correo.com 
321.0,Carlos Cuesta,,20.0,lu@correo.com
30.0,Maria Martinez,user987,800.0,yu@correo.com
71.0,Juan Jimenez,user987,,jl@correo.com
91.0,Gaston Galeano,love987,19.0,ju@correo.com
97.0,Gaston Galeano,gap123,,km@correo.com
156.0,Miguel Montoya,,20.0,ad@correo.com
136.0,Pedro Perez,love123,800.0,ad@correo.com
350.0,Laura Lopez,love123,19.0, lu@correo.com 
137.0,Maria Martinez,gap987,-10.0,yu@correo.com
,Pedro Perez,person123,65.0,ju@correo.com
113.0,11,user987,19.0,ju@correo.com
125.0,Maria Martinez,person987,800.0,ad@correo.com
456.0,Fernanda Fernandez,admin123,22.0, ad@correo.com 
130.0,Juan Jimenez,admin123,20.0,lu@correo.com
264.0,Juan Jimenez,admin123,37.0, ad@correo.com 
78.0,Carlos Cuesta,love987,800.0,ew@correo.com
20.0,Gaston Galeano,person987,-10.0,lu@correo.com
,Laura Lopez,admin123,65.0,yu@correo.com
311.0,Fernanda Fernandez,admin987,37.0,gb@correo.com
366.0,Fernanda Fernandez,user987,800.0,lu@correo.com
451.0,Maria Martinez,love987,800.0,ad@correo.com
11.0,,person987,29.0,ad@correo.com
,Laura Lopez,gap987,40.0,ad@correo.com
187.0,Miguel Montoya,person987,,gb@correo.com
148.0,Luisa Lopez,love987,-10.0,ew@correo.com
,Laura Lopez,gap123,37.0,jl@correo.com
469.0,Luisa Lopez,admin987,-10.0,ad@correo.com
185.0,Luisa Lopez,person987,30.0, gb@correo.com 
,Rocio Rua,user123,37.0,km@correo.com
296.0,Maria Martinez,-,65.0,km@correo.com
90.0,Carlos Cuesta,as,25.0,ad@correo.com
77.0,Fernanda Fernandez,-,20.0,km@correo.com
155.0,Carlos Cuesta,user987,24.0,ad@correo.com
,Carlos Cuesta,person987,22.0,gb@correo.com
256.0,Pedro Perez,user987,40.0,yu@correo.com
217.0,Pedro Perez,gap123,37.0, ju@correo.com 
465.0,Miguel Montoya,user987,-10.0,ad@correo.com
144.0,Laura Lopez,user123,800.0,ew@correo.com
62.0,-10,gap987,24.0,yu@correo.com
269.0,,person123,22.0,yu@correo.com
390.0,Fernanda Fernandez,gap123,20.0, ad@correo.com 
326.0,,love987,19.0,ju@correo.com
,Maria Martinez,gap123,25.0,ad@correo.com
,Carlos Cuesta,love987,29.0,ad@correo.com
463.0,11,admin123,20.0,hr@correo.com
281.0,Luisa Lopez,-,30.0,ew@correo.com
207.0,Carlos Cuesta,-,25.0,ew@correo.com
,Rocio Rua,admin987,24.0,ad@correo.com
63.0,-10,user123,24.0,ju@correo.com
92.0,Rocio Rua,love987,24.0,ew@correo.com
,Pedro Perez,gap123,20.0,yu@correo.com
184.0,Maria Martinez,,40.0,ad@correo.com
328.0,Rocio Rua,person123,24.0,gb@correo.com
214.0,Maria Martinez,love987,29.0,ju@correo.com
316.0,Luisa Lopez,love123,30.0,ew@correo.com
193.0,Miguel Montoya,person987,25.0, jl@correo.com 
452.0,Fernanda Fernandez,person987,19.0, ad@correo.com 
16.0,,admin123,29.0,ad@correo.com
,Luisa Lopez,admin123,30.0,yu@correo.com
392.0,Miguel Montoya,-,25.0,ew@correo.com
361.0,Luisa Lopez,love987,-10.0,lu@correo.com
496.0,Pedro Perez,love987,65.0, yu@correo.com 
193.0,Pedro Perez,gap987,,ad@correo.com
74.0,Luisa Lopez,gap123,65.0, ew@correo.com 
166.0,-10,person123,29.0,ad@correo.com
216.0,Laura Lopez,user123,29.0,hr@correo.com
345.0,Laura Lopez,user987,,gb@correo.com
39.0,Rocio Rua,,29.0,ew@correo.com
316.0,Carlos Cuesta,,40.0,km@correo.com
6.0,Pedro Perez,gap987,30.0,ad@correo.com
432.0,Luisa Lopez,person123,25.0, lu@correo.com 
244.0,Fernanda Fernandez,-,25.0,yu@correo.com
196.0,Pedro Perez,gap987,,ju@correo.com
109.0,-10,user123,29.0,gb@correo.com
193.0,11,love123,29.0,lu@correo.com
1.0,Gaston Galeano,gap987,800.0,ad@correo.com
196.0,Maria Martinez,love123,65.0,ad@correo.com
,Miguel Montoya,person987,25.0,lu@correo.com
,Fernanda Fernandez,person123,19.0,ad@correo.com
128.0,Carlos Cuesta,user123,,km@correo.com
289.0,Laura Lopez,admin987,25.0, lu@correo.com 
,Carlos Cuesta,person123,40.0,ju@correo.com
69.0,Laura Lopez,user123,20.0, lu@correo.com 
134.0,Carlos Cuesta,as,24.0,ad@correo.com
225.0,Fernanda Fernandez,love987,29.0, ad@correo.com 
291.0,Miguel Montoya,person123,-10.0,ad@correo.com
137.0,-10,person987,24.0,ad@correo.com
214.0,Gaston Galeano,love123,19.0, yu@correo.com 
23.0,Maria Martinez,admin987,40.0, yu@correo.com 
,Carlos Cuesta,person987,22.0,ad@correo.com
58.0,-10,gap123,29.0,ew@correo.com
,Gaston Galeano,admin123,30.0,yu@correo.com
265.0,-10,user987,30.0,ad@correo.com
56.0,11,person123,37.0,hr@correo.com
151.0,Miguel Montoya,admin123,,hr@correo.com
,Juan Jimenez,person123,24.0,ju@correo.com
255.0,Pedro Perez,gap987,800.0,ad@correo.com
118.0,Maria Martinez,love123,20.0,km@correo.com
201.0,11,person987,40.0,ad@correo.com
484.0,Gaston Galeano,admin987,800.0,ad@correo.com
286.0,,user123,40.0,ad@correo.com
498.0,,love987,24.0,yu@correo.com
375.0,Gaston Galeano,person123,-10.0,lu@correo.com
,Luisa Lopez,love987,29.0,hr@correo.com
,Rocio Rua,admin123,65.0,yu@correo.com
56.0,Fernanda Fernandez,,30.0,jl@correo.com
,Maria Martinez,user987,40.0,hr@correo.com
7.0,Luisa Lopez,admin987,65.0, gb@correo.com 
65.0,Juan Jimenez,person987,25.0, gb@correo.com 
12.0,Carlos Cuesta,admin987,-10.0,gb@correo.com
184.0,Miguel Montoya,admin987,-10.0,yu@correo.com
334.0,Laura Lopez,,20.0,gb@correo.com
500.0,,user987,22.0,ad@correo.com
108.0,Luisa Lopez,love123,-10.0,ad@correo.com
260.0,,person987,24.0,ju@correo.com
298.0,,gap987,25.0,ad@correo.com
49.0,Carlos Cuesta,person123,25.0, gb@correo.com 
384.0,Maria Martinez,person987,,lu@correo.com
404.0,11,person987,29.0,gb@correo.com
184.0,Maria Martinez,user987,29.0,ad@correo.com
103.0,Maria Martinez,user123,,jl@correo.com
224.0,Laura Lopez,user987,800.0,ew@correo.com
,Gaston Galeano,admin987,37.0,km@correo.com
219.0,Gaston Galeano,person123,22.0, ew@correo.com 
,Carlos Cuesta,admin123,19.0,hr@correo.com
,Juan Jimenez,love123,19.0,km@correo.com
,Maria Martinez,gap123,20.0,yu@correo.com
181.0,Gaston Galeano,user123,37.0, gb@correo.com 
85.0,Carlos Cuesta,person123,,jl@correo.com
42.0,Carlos Cuesta,user123,30.0, yu@correo.com 
306.0,Miguel Montoya,,20.0,ad@correo.com
,Gaston Galeano,person123,24.0,ad@correo.com
451.0,Luisa Lopez,gap123,30.0, jl@correo.com 
413.0,Gaston Galeano,,19.0,gb@correo.com
452.0,Juan Jimenez,gap987,29.0, yu@correo.com 
,Pedro Perez,user987,20.0,jl@correo.com
125.0,Gaston Galeano,as,37.0,ad@correo.com
429.0,Pedro Perez,love987,,ju@correo.com
162.0,Laura Lopez,love123,20.0, lu@correo.com 
288.0,Maria Martinez,gap123,29.0,yu@correo.com
199.0,Miguel Montoya,love987,800.0,ju@correo.com
,Gaston Galeano,admin987,65.0,jl@correo.com
484.0,11,person987,29.0,yu@correo.com
383.0,Rocio Rua,as,22.0,ju@correo.com
371.0,Laura Lopez,user123,25.0, ew@correo.com 
257.0,Pedro Perez,as,29.0,yu@correo.com
,Luisa Lopez,admin123,65.0,hr@correo.com
,Miguel Montoya,user123,20.0,ju@correo.com
81.0,11,person123,65.0,ad@correo.com
149.0,11,admin123,19.0,ew@correo.com
242.0,Juan Jimenez,,25.0,yu@correo.com
351.0,Pedro Perez,admin987,22.0, hr@correo.com 
267.0,11,love987,65.0,km@correo.com
336.0,Fernanda Fernandez,love123,24.0,jl@correo.com
29.0,Juan Jimenez,user123,-10.0,gb@correo.com
116.0,Carlos Cuesta,person987,20.0, ew@correo.com 
360.0,Pedro Perez,person123,-10.0,lu@correo.com
99.0,Carlos Cuesta,admin987,19.0, km@correo.com 
98.0,Pedro Perez,gap987,20.0,yu@correo.com
33.0,Juan Jimenez,person987,29.0,yu@correo.com
449.0,Gaston Galeano,gap987,,ew@correo.com
,Pedro Perez,gap123,65.0,ad@correo.com
492.0,Miguel Montoya,person987,800.0,ad@correo.com
,Fernanda Fernandez,gap987,19.0,ew@correo.com
194.0,Miguel Montoya,gap987,,jl@correo.com
36.0,Rocio Rua,love987,29.0, ad@correo.com 
275.0,Maria Martinez,user987,-10.0,hr@correo.com
,Laura Lopez,gap987,25.0,ad@correo.com
244.0,Maria Martinez,admin123,-10.0,ad@correo.com
336.0,Luisa Lopez,user987,30.0, ad@correo.com 
,Fernanda Fernandez,admin123,24.0,gb@correo.com
449.0,,admin123,40.0,ad@correo.com
49.0,Carlos Cuesta,admin987,25.0, jl@correo.com 
,Fernanda Fernandez,gap987,65.0,ew@correo.com
,Rocio Rua,love987,30.0,ju@correo.com
167.0,Juan Jimenez,gap123,22.0, ad@correo.com 
232.0,Rocio Rua,gap123,37.0, lu@correo.com 
362.0,-10,love123,19.0,hr@correo.com
,Miguel Montoya,user123,25.0,yu@correo.com
105.0,Rocio Rua,admin123,19.0, hr@correo.com 
460.0,Maria Martinez,person123,800.0,km@correo.com
85.0,Miguel Montoya,admin123,25.0,ew@correo.com
71.0,Juan Jimenez,love987,40.0,ju@correo.com
158.0,Rocio Rua,gap987,24.0, ew@correo.com 
238.0,Juan Jimenez,user987,30.0,hr@correo.com
142.0,Pedro Perez,love987,20.0, gb@correo.com 
403.0,Luisa Lopez,as,29.0,hr@correo.com
368.0,-10,love123,24.0,ju@correo.com
114.0,-10,gap123,22.0,ad@correo.com
374.0,Luisa Lopez,love987,800.0,hr@correo.com
461.0,-10,user987,22.0,ew@correo.com
39.0,Luisa Lopez,admin987,,gb@correo.com
149.0,,gap987,30.0,hr@correo.com
24.0,Gaston Galeano,-,20.0,ad@correo.com
206.0,11,love987,65.0,jl@correo.com
330.0,11,gap123,37.0,km@correo.com
107.0,,person123,30.0,ju@correo.com
245.0,-10,person987,29.0,ad@correo.com
103.0,Juan Jimenez,user987,25.0,hr@correo.com
45.0,Luisa Lopez,-,30.0,km@correo.com
273.0,Luisa Lopez,gap123,,yu@correo.com
365.0,Carlos Cuesta,user123,24.0, jl@correo.com 
,Maria Martinez,love987,22.0,km@correo.com
,Juan Jimenez,user987,19.0,lu@correo.com
129.0,Maria Martinez,admin123,65.0, ju@correo.com 
,Maria Martinez,admin987,29.0,jl@correo.com
117.0,Luisa Lopez,admin123,,ju@correo.com
195.0,-10,gap123,22.0,km@correo.com
159.0,Miguel Montoya,person123,29.0, gb@correo.com 
326.0,Luisa Lopez,user987,,gb@correo.com
15.0,Rocio Rua,user123,-10.0,yu@correo.com
360.0,11,admin987,30.0,ju@correo.com
,Fernanda Fernandez,admin987,19.0,ad@correo.com
178.0,Gaston Galeano,admin123,37.0, lu@correo.com 
83.0,-10,love987,29.0,ew@correo.com
225.0,Luisa Lopez,-,37.0,ju@correo.com
490.0,Gaston Galeano,love987,20.0, ad@correo.com 
115.0,,person987,22.0,km@correo.com
316.0,-10,user987,65.0,ad@correo.com
117.0,Pedro Perez,gap123,20.0, hr@correo.com 
208.0,Rocio Rua,person123,800.0,ju@correo.com
339.0,-10,admin123,20.0,yu@correo.com
414.0,Laura Lopez,user987,37.0, gb@correo.com 
,Juan Jimenez,user123,29.0,ew@correo.com
487.0,Fernanda Fernandez,love987,19.0, yu@correo.com 
367.0,Miguel Montoya,person987,37.0, hr@correo.com 
376.0,,user987,19.0,jl@correo.com
,Juan Jimenez,person987,19.0,jl@correo.com
,Laura Lopez,gap987,25.0,yu@correo.com
433.0,Pedro Perez,gap987,800.0,yu@correo.com
248.0,Pedro Perez,gap987,22.0,lu@correo.com
91.0,Luisa Lopez,admin987,,ju@correo.com
,Pedro Perez,user123,40.0,hr@correo.com
,Carlos Cuesta,person123,40.0,yu@correo.com
407.0,Pedro Perez,user123,29.0, ew@correo.com 
65.0,-10,admin987,20.0,yu@correo.com
338.0,Maria Martinez,admin123,20.0, km@correo.com 
67.0,11,user123,65.0,ju@correo.com
476.0,Luisa Lopez,person987,40.0, ad@correo.com 
197.0,Gaston Galeano,admin987,800.0,ad@correo.com
334.0,Fernanda Fernandez,love987,20.0, hr@correo.com 
12.0,Luisa Lopez,gap987,30.0, ju@correo.com 
66.0,Pedro Perez,love123,65.0, ju@correo.com 
,Laura Lopez,person987,20.0,ad@correo.com
,Carlos Cuesta,admin123,22.0,hr@correo.com
149.0,Maria Martinez,,30.0,ad@correo.com
470.0,-10,admin987,40.0,ew@correo.com
462.0,Laura Lopez,love123,24.0,jl@correo.com
373.0,Maria Martinez,gap123,800.0,ad@correo.com
235.0,Luisa Lopez,admin987,29.0, hr@correo.com 
479.0,Laura Lopez,love987,-10.0,jl@correo.com
42.0,Laura Lopez,,20.0,ju@correo.com
216.0,Carlos Cuesta,person123,,gb@correo.com
372.0,Fernanda Fernandez,user987,,ad@correo.com
68.0,Fernanda Fernandez,-,65.0,gb@correo.com
443.0,-10,user987,22.0,lu@correo.com
,Fernanda Fernandez,admin123,37.0,ad@correo.com
,Juan Jimenez,gap123,40.0,jl@correo.com
230.0,Pedro Perez,person987,37.0,ew@correo.com
160.0,Carlos Cuesta,user987,-10.0,ew@correo.com
337.0,Maria Martinez,love123,30.0,gb@correo.com
420.0,Gaston Galeano,person987,,jl@correo.com
,Juan Jimenez,person987,65.0,yu@correo.com
339.0,11,user123,30.0,ju@correo.com
304.0,Rocio Rua,user987,29.0, ad@correo.com 
76.0,Miguel Montoya,person987,800.0,gb@correo.com
371.0,-10,user987,29.0,yu@correo.com
,Fernanda Fernandez,love123,37.0,ad@correo.com
,Laura Lopez,gap123,22.0,lu@correo.com
482.0,Gaston Galeano,person987,25.0,jl@correo.com
117.0,Luisa Lopez,love987,20.0, lu@correo.com 
46.0,Maria Martinez,person987,65.0, ad@correo.com 
382.0,Miguel Montoya,love123,24.0, yu@correo.com 
417.0,Rocio Rua,gap123,22.0, hr@correo.com 
99.0,Gaston Galeano,person987,-10.0,ew@correo.com
195.0,11,user987,25.0,ew@correo.com
299.0,11,user987,37.0,ju@correo.com
456.0,Carlos Cuesta,admin987,-10.0,yu@correo.com
17.0,,person123,40.0,km@correo.com
202.0,Luisa Lopez,person987,24.0,km@correo.com
,Juan Jimenez,love987,65.0,km@correo.com
,Laura Lopez,gap123,24.0,ju@correo.com
104.0,Carlos Cuesta,person123,22.0,ad@correo.com
,Carlos Cuesta,gap123,24.0,km@correo.com
251.0,Fernanda Fernandez,gap123,20.0,ju@correo.com
318.0,Gaston Galeano,person123,30.0,km@correo.com
,Carlos Cuesta,user987,25.0,gb@correo.com
111.0,-10,love987,19.0,yu@correo.com
336.0,Luisa Lopez,admin987,37.0,km@correo.com
,Maria Martinez,love123,24.0,ju@correo.com
,Pedro Perez,admin123,29.0,ju@correo.com
173.0,Juan Jimenez,gap123,800.0,jl@correo.com
319.0,Laura Lopez,user123,30.0, jl@correo.com 
,Rocio Rua,admin123,29.0,km@correo.com
151.0,Carlos Cuesta,as,20.0,ew@correo.com
263.0,Juan Jimenez,love123,40.0, ad@correo.com 
351.0,-10,user123,30.0,ju@correo.com
118.0,Fernanda Fernandez,gap987,19.0, gb@correo.com 
226.0,-10,love987,30.0,ad@correo.com
50.0,-10,user987,29.0,lu@correo.com
317.0,Juan Jimenez,love123,25.0,ad@correo.com
257.0,Gaston Galeano,gap987,25.0, ad@correo.com 
437.0,,user987,24.0,ad@correo.com
375.0,Juan Jimenez,love987,22.0,hr@correo.com
334.0,Juan Jimenez,,29.0,ad@correo.com
62.0,-10,user987,37.0,ad@correo.com
,Rocio Rua,gap123,40.0,km@correo.com
,Juan Jimenez,love987,20.0,ju@correo.com
183.0,Carlos Cuesta,,20.0,jl@correo.com
152.0,-10,person123,29.0,yu@correo.com
,Luisa Lopez,love987,29.0,lu@correo.com
,Juan Jimenez,gap123,40.0,km@correo.com
374.0,Carlos Cuesta,gap987,37.0, jl@correo.com 
211.0,-10,admin987,19.0,km@correo.com
,Miguel Montoya,love123,40.0,yu@correo.com
468.0,Maria Martinez,love123,22.0,gb@correo.com
150.0,,love987,65.0,yu@correo.com
358.0,Fernanda Fernandez,user123,40.0, ju@correo.com 
85.0,Miguel Montoya,gap987,800.0,ad@correo.com
62.0,Miguel Montoya,admin987,25.0,km@correo.com
100.0,Luisa Lopez,-,20.0,km@correo.com
207.0,Maria Martinez,person987,22.0,jl@correo.com
147.0,Maria Martinez,love987,37.0,ju@correo.com
,Rocio Rua,love123,24.0,yu@correo.com
95.0,Miguel Montoya,as,29.0,ew@correo.com
392.0,Fernanda Fernandez,person123,,lu@correo.com
,Miguel Montoya,person987,40.0,lu@correo.com
307.0,Gaston Galeano,gap987,,lu@correo.com
483.0,Rocio Rua,admin123,40.0,ew@correo.com
196.0,Carlos Cuesta,admin123,37.0, jl@correo.com 
119.0,Pedro Perez,person987,20.0,ad@correo.com
303.0,-10,admin123,19.0,ew@correo.com
276.0,11,gap123,19.0,ad@correo.com
180.0,,gap987,37.0,ju@correo.com
122.0,,admin123,29.0,yu@correo.com
388.0,,person987,19.0,jl@correo.com
47.0,,admin123,65.0,ad@correo.com
91.0,Fernanda Fernandez,as,24.0,ju@correo.com
294.0,Luisa Lopez,user123,65.0,km@correo.com
14.0,Miguel Montoya,admin987,800.0,ju@correo.com
